{
  "parent": "minecraft:recipes/root",
  "criteria": {
    "has_chiseled_stone_bricks": {
      "conditions": {
        "items": [
          {
            "items": "minecraft:chiseled_stone_bricks"
          }
        ]
      },
      "trigger": "minecraft:inventory_changed"
    },
    "has_netherite_ingots": {
      "conditions": {
        "items": [
          {
            "items": "#advancednetherite:netherite_ingots"
          }
        ]
      },
      "trigger": "minecraft:inventory_changed"
    },
    "has_the_recipe": {
      "conditions": {
        "recipe": "advancednetherite:lodestone"
      },
      "trigger": "minecraft:recipe_unlocked"
    }
  },
  "requirements": [
    [
      "has_the_recipe",
      "has_chiseled_stone_bricks",
      "has_netherite_ingots"
    ]
  ],
  "rewards": {
    "recipes": [
      "advancednetherite:lodestone"
    ]
  }
}