{
  "parent": "minecraft:recipes/root",
  "criteria": {
    "has_ingredients": {
      "conditions": {
        "items": [
          {
            "items": "#advancednetherite:upgrade_to_netherite_diamond"
          }
        ]
      },
      "trigger": "minecraft:inventory_changed"
    },
    "has_the_recipe": {
      "conditions": {
        "recipe": "advancednetherite:netherite_diamond_axe_smithing"
      },
      "trigger": "minecraft:recipe_unlocked"
    }
  },
  "requirements": [
    [
      "has_the_recipe",
      "has_ingredients"
    ]
  ],
  "rewards": {
    "recipes": [
      "advancednetherite:netherite_diamond_axe_smithing"
    ]
  }
}