{"armor":{"values":["#minecraft:enchantable/foot_armor","#minecraft:enchantable/leg_armor","#minecraft:enchantable/chest_armor","#minecraft:enchantable/head_armor"]},"bow":{"values":["minecraft:bow"]},"chest_armor":{"values":["#minecraft:chest_armor"]},"crossbow":{"values":["minecraft:crossbow"]},"bows":{"values":["minecraft:bow","minecraft:crossbow"]},"durability":{"values":["#minecraft:foot_armor","#minecraft:leg_armor","#minecraft:chest_armor","#minecraft:head_armor","minecraft:elytra","minecraft:shield","#minecraft:swords","#minecraft:axes","#minecraft:pickaxes","#minecraft:shovels","#minecraft:hoes","minecraft:bow","minecraft:crossbow","minecraft:trident","minecraft:flint_and_steel","minecraft:shears","minecraft:brush","minecraft:fishing_rod","minecraft:carrot_on_a_stick","minecraft:warped_fungus_on_a_stick","minecraft:mace"]},"equippable":{"values":["#minecraft:foot_armor","#minecraft:leg_armor","#minecraft:chest_armor","#minecraft:head_armor","minecraft:elytra","#minecraft:skulls","minecraft:carved_pumpkin"]},"fire_aspect":{"values":["#minecraft:enchantable/sword","minecraft:mace"]},"fishing":{"values":["minecraft:fishing_rod"]},"foot_armor":{"values":["#minecraft:foot_armor"]},"head_armor":{"values":["#minecraft:head_armor"]},"leg_armor":{"values":["#minecraft:leg_armor"]},"mace":{"values":["minecraft:mace"]},"mining":{"values":["#minecraft:axes","#minecraft:pickaxes","#minecraft:shovels","#minecraft:hoes","minecraft:shears"]},"mining_loot":{"values":["#minecraft:axes","#minecraft:pickaxes","#minecraft:shovels","#minecraft:hoes"]},"sharp_weapon":{"values":["#minecraft:swords","#minecraft:axes"]},"sword":{"values":["#minecraft:swords"]},"trident":{"values":["minecraft:trident"]},"vanishing":{"values":["#minecraft:enchantable/durability","minecraft:compass","minecraft:carved_pumpkin","#minecraft:skulls"]},"weapon":{"values":["#minecraft:enchantable/sharp_weapon","minecraft:mace"]}}