{
	"format_version": "1.12.0",
	"minecraft:geometry": [
		{
			"description": {
				"identifier": "geometry.unknown",
				"texture_width": 256,
				"texture_height": 256,
				"visible_bounds_width": 5,
				"visible_bounds_height": 6.5,
				"visible_bounds_offset": [0, 2.75, 0]
			},
			"bones": [
				{
					"name": "left_leg",
					"pivot": [0, 0, 11],
					"cubes": [
						{"origin": [-3, 0, 5], "size": [6, 31, 6], "uv": [4, 218]}
					]
				},
				{
					"name": "right_leg",
					"pivot": [0, 0, -11],
					"cubes": [
						{"origin": [-3, 0, -11], "size": [6, 31, 6], "uv": [50, 218]}
					]
				},
				{
					"name": "right_arm",
					"pivot": [0, 51, -21],
					"cubes": [
						{"origin": [-7, 56, -26], "size": [14, 12, 13], "uv": [46, 93]},
						{"origin": [-3, 38, -23], "size": [6, 26, 6], "uv": [24, 117]},
						{"origin": [-5, 32, -25], "size": [10, 7, 10], "uv": [19, 173]}
					]
				},
				{
					"name": "left_arm",
					"pivot": [0, 0, 0],
					"cubes": [
						{"origin": [-7, 56, 16], "size": [14, 12, 13], "pivot": [0, 51, 21], "rotation": [0, 180, 0], "uv": [46, 93]},
						{"origin": [-3, 38, 17], "size": [6, 27, 6], "uv": [0, 117]},
						{"origin": [-5, 32, 15], "size": [10, 7, 10], "uv": [19, 173]}
					]
				},
				{
					"name": "spine",
					"pivot": [0, 0, 0],
					"cubes": [
						{"origin": [-4, 23, -12], "size": [8, 9, 24], "uv": [6, 50]},
						{"origin": [-3, 26, -3], "size": [6, 41, 6], "uv": [108, 78]},
						{"origin": [-6, 46, -13], "size": [12, 18, 26], "uv": [0, 0]}
					]
				},
				{
					"name": "head",
					"pivot": [0, 0, 0],
					"cubes": [
						{"origin": [-6, 66, -6], "size": [12, 12, 12], "uv": [68, 46]},
						{"origin": [-6, 72, 6], "size": [12, 7, 1], "uv": [129, 20]},
						{"origin": [6, 72, -7], "size": [1, 7, 14], "uv": [139, 39]},
						{"origin": [-6, 72, -7], "size": [13, 7, 1], "uv": [161, 20]},
						{"origin": [-6.5, 67.8, -4], "size": [1, 1, 8], "pivot": [0.5, 64.8, 0], "rotation": [0, 0, -7.75], "uv": [104, 9]},
						{"origin": [-7, 68, -4], "size": [1, 4, 8], "uv": [92, 12]},
						{"origin": [-7, 72, -7], "size": [1, 2, 14], "uv": [129, 0]},
						{"origin": [-7, 77, -7], "size": [1, 2, 14], "uv": [169, 0]},
						{"origin": [-7, 74, 4], "size": [1, 3, 3], "uv": [126, 31]},
						{"origin": [-7, 74, -7], "size": [1, 3, 3], "uv": [140, 31]},
						{"origin": [-7, 74, -1], "size": [1, 3, 2], "uv": [127, 45]}
					]
				}
			]
		}
	]
}